Workbook
Name ALM_COD: Configuraciones!$B$197:$B$237
Name ALM_NOM: Configuraciones!$C$197:$C$237
Name ALM_SEDE: Configuraciones!$D$197:$D$237
Name CAT_CV: OFFSET(Configuraciones!$D$10,0,0,MAX(COUNTA(Configuraciones!$D$10:$D$56),1),1)
Name CAT_NOMBRE: OFFSET(Configuraciones!$C$10,0,0,MAX(COUNTA(Configuraciones!$C$10:$C$56),1),1)
Name GRUPO_NOMBRE: Configuraciones!$C$6
Name LST_CODIGOS: OFFSET(Artículos!$A$2,0,0,MAX(COUNTIF(Artículos!$A$2:$A$213,"?*"),1),1)
Name PREFIJO: Configuraciones!$D$6
Name VACIO: Configuraciones!$A$2

Sheet 00 Guía
B1: GUÍA — PLANTILLA DE ARTÍCULOS · GRUPO: MATERIA PRIMA
C3: LEYENDA DE COLORES
C4: Columna OBLIGATORIA (*) — debe llenarse siempre
C5: Columna OPCIONAL — llénala solo si aplica
C6: Columna AUTOMÁTICA — no la edites: se calcula sola
C7: Fila de EJEMPLO — sobrescríbela o bórrala
C9: CÓMO LLENAR (hoja Artículos)
C10: • Una fila por artículo desde la fila 2 (la fila 2 es un ejemplo). No dejes filas vacías intermedias.
C11: • El CÓDIGO se genera SOLO cuando los 5 obligatorios están completos: Nombre, UM de Inventario, Control, IGV y Estado. Mientras falte alguno, la celda queda vacía.
C12: • Elige primero la Categoría; la Sub categoría muestra solo las de esa categoría (si no tiene, en blanco). La Valorización se completa sola.
C14: SUB-HOJAS (Atributos · Stock Mínimo · Códigos de Barras)
C15: • El «Código artículo» es un desplegable que SOLO muestra los códigos ya generados en la hoja Artículos; el nombre del artículo aparece solo.
C16: • En Stock Mínimo, al elegir el código de almacén aparecen su nombre y sede; la unidad se toma del artículo.
... C22: • Almacenes (bloque 12): lista de referencia con su sede, usada por Stock Mínimo.

Sheet Artículos
A1: Código (auto) | B1: Grupo de Artículo (auto) | C1: Categoría | D1: Sub categoría | E1: Nombre (*) | F1: Descripción | G1: UM de Inventario (*) | H1: Control de inventario (*) | I1: Valorización (auto) | J1: Apto para producción | K1: Precio venta sugerido S/. | L1: UM de venta | M1: Precio venta mínimo S/. | N1: Proveedor por defecto | O1: Precio compra ref. S/. | P1: UM de compra | Q1: Afectación IGV (*) | R1: Estado (*)
A2: =IF(OR($E2="",$G2="",$H2="",$Q2="",$R2=""),"",PREFIJO&TEXT(SUMPRODUCT(($E$2:$E2<>"")*($G$2:$G2<>"")*($H$2:$H2<>"")*($Q$2:$Q2<>"")*($R$2:$R2<>"")),"0000")) -> MP-0001 | B2: =IF($A2="","",GRUPO_NOMBRE) -> MATERIA PRIMA | C2: AVIOS DE ACABADOS PRINCIPALES | D2: CIERRES | E2: CIERRE METALICO 12CM BRONCE | F2: Cierre metálico bronce 12 cm | G2: UND | H2: Nada | I2: =IF($C2="","",IFERROR(INDEX(CAT_CV,MATCH($C2,CAT_NOMBRE,0)),"")) -> CV-02 | J2: No | N2: AVIOS DEL SUR EIRL | O2: 0.8 | P2: UND | Q2: Gravado - Operación Onerosa (18%) | R2: Activo
A3: =IF(OR($E3="",$G3="",$H3="",$Q3="",$R3=""),"",PREFIJO&TEXT(SUMPRODUCT(($E$2:$E3<>"")*($G$2:$G3<>"")*($H$2:$H3<>"")*($Q$2:$Q3<>"")*($R$2:$R3<>"")),"0000")) -> MP-0002 | B3: =IF($A3="","",GRUPO_NOMBRE) -> MATERIA PRIMA | C3: AVIOS DE CONFECCION | D3: CIERRES YKKA | E3: CIERRE METALICO 8 cm AZUL YKK | F3: Cierre metalico 10 cm Azul | G3: UND | H3: Nada | I3: =IF($C3="","",IFERROR(INDEX(CAT_CV,MATCH($C3,CAT_NOMBRE,0)),"")) -> CV-02 | Q3: Gravado - Operación Onerosa (18%) | R3: Activo
A4: =IF(OR($E4="",$G4="",$H4="",$Q4="",$R4=""),"",PREFIJO&TEXT(SUMPRODUCT(($E$2:$E4<>"")*($G$2:$G4<>"")*($H$2:$H4<>"")*($Q$2:$Q4<>"")*($R$2:$R4<>"")),"0000")) -> MP-0003 | B4: =IF($A4="","",GRUPO_NOMBRE) -> MATERIA PRIMA | C4: AVIOS DE CONFECCION | D4: CIERRES YKKA | E4: CIERRE METALICO 10 cm AZUL YKK | F4: Cierre metalico 10 cm Azul | G4: UND | H4: Nada | I4: =IF($C4="","",IFERROR(INDEX(CAT_CV,MATCH($C4,CAT_NOMBRE,0)),"")) -> CV-02 | Q4: Gravado - Operación Onerosa (18%) | R4: Activo
A5: =IF(OR($E5="",$G5="",$H5="",$Q5="",$R5=""),"",PREFIJO&TEXT(SUMPRODUCT(($E$2:$E5<>"")*($G$2:$G5<>"")*($H$2:$H5<>"")*($Q$2:$Q5<>"")*($R$2:$R5<>"")),"0000")) -> MP-0004 | B5: MATERIA PRIMA | C5: AVIOS DE CONFECCION | D5: CIERRES YKKA | E5: CIERRE METALICO 12 cm AZUL YKK | F5: Cierre metalico 12 cm Azul | G5: UND | H5: Nada | I5: =IF($C5="","",IFERROR(INDEX(CAT_CV,MATCH($C5,CAT_NOMBRE,0)),"")) -> CV-02 | Q5: Gravado - Operación Onerosa (18%) | R5: Activo
A6: =IF(OR($E6="",$G6="",$H6="",$Q6="",$R6=""),"",PREFIJO&TEXT(SUMPRODUCT(($E$2:$E6<>"")*($G$2:$G6<>"")*($H$2:$H6<>"")*($Q$2:$Q6<>"")*($R$2:$R6<>"")),"0000")) -> MP-0005 | B6: MATERIA PRIMA | C6: AVIOS DE CONFECCION | D6: CIERRES YKKA | E6: CIERRE METALICO 13 cm AZUL YKK | F6: Cierre metalico 13 cm Azul | G6: UND | H6: Nada | I6: =IF($C6="","",IFERROR(INDEX(CAT_CV,MATCH($C6,CAT_NOMBRE,0)),"")) -> CV-02 | Q6: Gravado - Operación Onerosa (18%) | R6: Activo
A7: =IF(OR($E7="",$G7="",$H7="",$Q7="",$R7=""),"",PREFIJO&TEXT(SUMPRODUCT(($E$2:$E7<>"")*($G$2:$G7<>"")*($H$2:$H7<>"")*($Q$2:$Q7<>"")*($R$2:$R7<>"")),"0000")) -> MP-0006 | B7: MATERIA PRIMA | C7: AVIOS DE CONFECCION | D7: CIERRES YKKA | E7: CIERRE METALICO 14 cm AZUL YKK | F7: Cierre metalico 14 cm Azul | G7: UND | H7: Nada | I7: =IF($C7="","",IFERROR(INDEX(CAT_CV,MATCH($C7,CAT_NOMBRE,0)),"")) -> CV-02 | Q7: Gravado - Operación Onerosa (18%) | R7: Activo
A8: =IF(OR($E8="",$G8="",$H8="",$Q8="",$R8=""),"",PREFIJO&TEXT(SUMPRODUCT(($E$2:$E8<>"")*($G$2:$G8<>"")*($H$2:$H8<>"")*($Q$2:$Q8<>"")*($R$2:$R8<>"")),"0000")) -> MP-0007 | B8: MATERIA PRIMA | C8: AVIOS DE CONFECCION | D8: CIERRES YKKA | E8: CIERRE METALICO 15 cm AZUL YKK | F8: Cierre metalico 15 cm Azul | G8: UND | H8: Nada | I8: =IF($C8="","",IFERROR(INDEX(CAT_CV,MATCH($C8,CAT_NOMBRE,0)),"")) -> CV-02 | Q8: Gravado - Operación Onerosa (18%) | R8: Activo
A9: =IF(OR($E9="",$G9="",$H9="",$Q9="",$R9=""),"",PREFIJO&TEXT(SUMPRODUCT(($E$2:$E9<>"")*($G$2:$G9<>"")*($H$2:$H9<>"")*($Q$2:$Q9<>"")*($R$2:$R9<>"")),"0000")) -> MP-0008 | B9: MATERIA PRIMA | C9: AVIOS DE CONFECCION | D9: CIERRES YKKN | E9: CIERRE METALICO 8 cm NEGRO YKK | F9: Cierre metalico 8 cm Negro | G9: UND | H9: Nada | Q9: Gravado - Operación Onerosa (18%) | R9: Activo
A10: =IF(OR($E10="",$G10="",$H10="",$Q10="",$R10=""),"",PREFIJO&TEXT(SUMPRODUCT(($E$2:$E10<>"")*($G$2:$G10<>"")*($H$2:$H10<>"")*($Q$2:$Q10<>"")*($R$2:$R10<>"")),"0000")) -> MP-0009 | B10: MATERIA PRIMA | C10: AVIOS DE CONFECCION | D10: CIERRES YKKN | E10: CIERRE METALICO 10 cm NEGRO YKK | F10: Cierre metalico 10 cm Negro | G10: UND | H10: Nada | Q10: Gravado - Operación Onerosa (18%) | R10: Activo
A11: =IF(OR($E11="",$G11="",$H11="",$Q11="",$R11=""),"",PREFIJO&TEXT(SUMPRODUCT(($E$2:$E11<>"")*($G$2:$G11<>"")*($H$2:$H11<>"")*($Q$2:$Q11<>"")*($R$2:$R11<>"")),"0000")) -> MP-0010 | B11: MATERIA PRIMA | C11: AVIOS DE CONFECCION | D11: CIERRES YKKN | E11: CIERRE METALICO 12 cm NEGRO YKK | F11: Cierre metalico 12 cm Negro | G11: UND | H11: Nada | I11: =IF($C11="","",IFERROR(INDEX(CAT_CV,MATCH($C11,CAT_NOMBRE,0)),"")) -> CV-02 | Q11: Gravado - Operación Onerosa (18%) | R11: Activo
A12: =IF(OR($E12="",$G12="",$H12="",$Q12="",$R12=""),"",PREFIJO&TEXT(SUMPRODUCT(($E$2:$E12<>"")*($G$2:$G12<>"")*($H$2:$H12<>"")*($Q$2:$Q12<>"")*($R$2:$R12<>"")),"0000")) -> MP-0011 | B12: MATERIA PRIMA | C12: AVIOS DE CONFECCION | D12: CIERRES YKKN | E12: CIERRE METALICO 13 cm NEGRO YKK | F12: Cierre metalico 13 cm Negro | G12: UND | H12: Nada | I12: =IF($C12="","",IFERROR(INDEX(CAT_CV,MATCH($C12,CAT_NOMBRE,0)),"")) -> CV-02 | Q12: Gravado - Operación Onerosa (18%) | R12: Activo
A13: =IF(OR($E13="",$G13="",$H13="",$Q13="",$R13=""),"",PREFIJO&TEXT(SUMPRODUCT(($E$2:$E13<>"")*($G$2:$G13<>"")*($H$2:$H13<>"")*($Q$2:$Q13<>"")*($R$2:$R13<>"")),"0000")) -> MP-0012 | B13: MATERIA PRIMA | C13: AVIOS DE CONFECCION | D13: CIERRES YKKN | E13: CIERRE METALICO 14 cm NEGRO YKK | F13: Cierre metalico 14 cm Negro | G13: UND | H13: Nada | Q13: Gravado - Operación Onerosa (18%) | R13: Activo
A14: =IF(OR($E14="",$G14="",$H14="",$Q14="",$R14=""),"",PREFIJO&TEXT(SUMPRODUCT(($E$2:$E14<>"")*($G$2:$G14<>"")*($H$2:$H14<>"")*($Q$2:$Q14<>"")*($R$2:$R14<>"")),"0000")) -> MP-0013 | B14: MATERIA PRIMA | C14: AVIOS DE CONFECCION | D14: CIERRES YKKN | E14: CIERRE METALICO 15 cm NEGRO YKK | F14: Cierre metalico 15 cm Negro | G14: UND | H14: Nada | Q14: Gravado - Operación Onerosa (18%) | R14: Activo
A15: =IF(OR($E15="",$G15="",$H15="",$Q15="",$R15=""),"",PREFIJO&TEXT(SUMPRODUCT(($E$2:$E15<>"")*($G$2:$G15<>"")*($H$2:$H15<>"")*($Q$2:$Q15<>"")*($R$2:$R15<>"")),"0000")) -> MP-0014 | B15: MATERIA PRIMA | C15: AVIOS DE CONFECCION | D15: CIERRES YKKN | E15: CIERRE METALICO 16 cm NEGRO YKK | F15: Cierre metalico 16 cm Negro | G15: UND | H15: Nada | Q15: Gravado - Operación Onerosa (18%) | R15: Activo
A16: =IF(OR($E16="",$G16="",$H16="",$Q16="",$R16=""),"",PREFIJO&TEXT(SUMPRODUCT(($E$2:$E16<>"")*($G$2:$G16<>"")*($H$2:$H16<>"")*($Q$2:$Q16<>"")*($R$2:$R16<>"")),"0000")) -> MP-0015 | B16: MATERIA PRIMA | C16: AVIOS DE CONFECCION | D16: CIERRES REY | E16: CIERRE METALICO 7 cm AZUL REY | F16: Cierre metalico 7 cm Azul Rey | G16: UND | H16: Nada | I16: =IF($C16="","",IFERROR(INDEX(CAT_CV,MATCH($C16,CAT_NOMBRE,0)),"")) -> CV-02 | Q16: Gravado - Operación Onerosa (18%) | R16: Activo
A17: =IF(OR($E17="",$G17="",$H17="",$Q17="",$R17=""),"",PREFIJO&TEXT(SUMPRODUCT(($E$2:$E17<>"")*($G$2:$G17<>"")*($H$2:$H17<>"")*($Q$2:$Q17<>"")*($R$2:$R17<>"")),"0000")) -> MP-0016 | B17: MATERIA PRIMA | C17: AVIOS DE CONFECCION | D17: CIERRES REY | E17: CIERRE METALICO 10 cm AZUL REY | F17: Cierre metalico 10 cm Azul Rey | G17: UND | H17: Nada | I17: =IF($C17="","",IFERROR(INDEX(CAT_CV,MATCH($C17,CAT_NOMBRE,0)),"")) -> CV-02 | Q17: Gravado - Operación Onerosa (18%) | R17: Activo
A18: =IF(OR($E18="",$G18="",$H18="",$Q18="",$R18=""),"",PREFIJO&TEXT(SUMPRODUCT(($E$2:$E18<>"")*($G$2:$G18<>"")*($H$2:$H18<>"")*($Q$2:$Q18<>"")*($R$2:$R18<>"")),"0000")) -> MP-0017 | B18: MATERIA PRIMA | C18: AVIOS DE CONFECCION | D18: CIERRES REY | E18: CIERRE METALICO 12 cm AZUL REY | F18: Cierre metalico 12 cm Azul Rey | G18: UND | H18: Nada | I18: =IF($C18="","",IFERROR(INDEX(CAT_CV,MATCH($C18,CAT_NOMBRE,0)),"")) -> CV-02 | Q18: Gravado - Operación Onerosa (18%) | R18: Activo
A19: =IF(OR($E19="",$G19="",$H19="",$Q19="",$R19=""),"",PREFIJO&TEXT(SUMPRODUCT(($E$2:$E19<>"")*($G$2:$G19<>"")*($H$2:$H19<>"")*($Q$2:$Q19<>"")*($R$2:$R19<>"")),"0000")) -> MP-0018 | B19: MATERIA PRIMA | C19: AVIOS DE CONFECCION | D19: CIERRES REY | E19: CIERRE METALICO 13 cm AZUL REY | F19: Cierre metalico 13 cm Azul Rey | G19: UND | H19: Nada | I19: =IF($C19="","",IFERROR(INDEX(CAT_CV,MATCH($C19,CAT_NOMBRE,0)),"")) -> CV-02 | Q19: Gravado - Operación Onerosa (18%) | R19: Activo
A20: =IF(OR($E20="",$G20="",$H20="",$Q20="",$R20=""),"",PREFIJO&TEXT(SUMPRODUCT(($E$2:$E20<>"")*($G$2:$G20<>"")*($H$2:$H20<>"")*($Q$2:$Q20<>"")*($R$2:$R20<>"")),"0000")) -> MP-0019 | B20: MATERIA PRIMA | C20: AVIOS DE CONFECCION | D20: CIERRES REY | E20: CIERRE METALICO 14 cm AZUL REY | F20: Cierre metalico 14 cm Azul Rey | G20: UND | H20: Nada | I20: =IF($C20="","",IFERROR(INDEX(CAT_CV,MATCH($C20,CAT_NOMBRE,0)),"")) -> CV-02 | Q20: Gravado - Operación Onerosa (18%) | R20: Activo | T20: YKK | U20: 10 | V20: AZUL | W20: =CONCATENATE(T20," ",U20," ",V20," ") -> YKK 10 AZUL
A21: =IF(OR($E21="",$G21="",$H21="",$Q21="",$R21=""),"",PREFIJO&TEXT(SUMPRODUCT(($E$2:$E21<>"")*($G$2:$G21<>"")*($H$2:$H21<>"")*($Q$2:$Q21<>"")*($R$2:$R21<>"")),"0000")) -> MP-0020 | B21: MATERIA PRIMA | C21: AVIOS DE CONFECCION | D21: CIERRES REY | E21: CIERRE METALICO 15 cm AZUL REY | F21: Cierre metalico 15 cm Azul Rey | G21: UND | H21: Nada | I21: =IF($C21="","",IFERROR(INDEX(CAT_CV,MATCH($C21,CAT_NOMBRE,0)),"")) -> CV-02 | Q21: Gravado - Operación Onerosa (18%) | R21: Activo | T21: YKK | U21: 12 | V21: AZUL | W21: =CONCATENATE(T21," ",U21," ",V21," ") -> YKK 12 AZUL
A22: =IF(OR($E22="",$G22="",$H22="",$Q22="",$R22=""),"",PREFIJO&TEXT(SUMPRODUCT(($E$2:$E22<>"")*($G$2:$G22<>"")*($H$2:$H22<>"")*($Q$2:$Q22<>"")*($R$2:$R22<>"")),"0000")) -> MP-0021 | B22: MATERIA PRIMA | C22: AVIOS DE CONFECCION | D22: CIERRES REY | E22: CIERRE METALICO 16 cm AZUL REY | F22: Cierre metalico 16 cm Azul Rey | G22: UND | H22: Nada | I22: =IF($C22="","",IFERROR(INDEX(CAT_CV,MATCH($C22,CAT_NOMBRE,0)),"")) -> CV-02 | Q22: Gravado - Operación Onerosa (18%) | R22: Activo
A23: =IF(OR($E23="",$G23="",$H23="",$Q23="",$R23=""),"",PREFIJO&TEXT(SUMPRODUCT(($E$2:$E23<>"")*($G$2:$G23<>"")*($H$2:$H23<>"")*($Q$2:$Q23<>"")*($R$2:$R23<>"")),"0000")) -> MP-0022 | B23: MATERIA PRIMA | C23: AVIOS DE CONFECCION | D23: CIERRES REY | E23: CIERRE METALICO 13 cm NEGRO REY | F23: Cierre metalico 13 cm Negro Rey | G23: UND | H23: Nada | I23: =IF($C23="","",IFERROR(INDEX(CAT_CV,MATCH($C23,CAT_NOMBRE,0)),"")) -> CV-02 | Q23: Gravado - Operación Onerosa (18%) | R23: Activo
A24: =IF(OR($E24="",$G24="",$H24="",$Q24="",$R24=""),"",PREFIJO&TEXT(SUMPRODUCT(($E$2:$E24<>"")*($G$2:$G24<>"")*($H$2:$H24<>"")*($Q$2:$Q24<>"")*($R$2:$R24<>"")),"0000")) -> MP-0023 | B24: MATERIA PRIMA | C24: AVIOS DE CONFECCION | D24: CIERRES REY | E24: CIERRE METALICO 14 cm NEGRO REY | F24: Cierre metalico 14 cm Negro Rey | G24: UND | H24: Nada | I24: =IF($C24="","",IFERROR(INDEX(CAT_CV,MATCH($C24,CAT_NOMBRE,0)),"")) -> CV-02 | Q24: Gravado - Operación Onerosa (18%) | R24: Activo
A25: =IF(OR($E25="",$G25="",$H25="",$Q25="",$R25=""),"",PREFIJO&TEXT(SUMPRODUCT(($E$2:$E25<>"")*($G$2:$G25<>"")*($H$2:$H25<>"")*($Q$2:$Q25<>"")*($R$2:$R25<>"")),"0000")) -> MP-0024 | B25: MATERIA PRIMA | C25: AVIOS DE CONFECCION | D25: CIERRES YKKB | E25: CIERRE METALICO 10 cm BLANCO YKK | F25: Cierre metalico 10 cm Blanco Ykkb | G25: UND | H25: Nada | I25: =IF($C25="","",IFERROR(INDEX(CAT_CV,MATCH($C25,CAT_NOMBRE,0)),"")) -> CV-02 | Q25: Gravado - Operación Onerosa (18%) | R25: Activo
A26: =IF(OR($E26="",$G26="",$H26="",$Q26="",$R26=""),"",PREFIJO&TEXT(SUMPRODUCT(($E$2:$E26<>"")*($G$2:$G26<>"")*($H$2:$H26<>"")*($Q$2:$Q26<>"")*($R$2:$R26<>"")),"0000")) -> MP-0025 | B26: MATERIA PRIMA | C26: AVIOS DE CONFECCION | D26: CIERRES YKKB | E26: CIERRE METALICO 12 cm BLANCO YKK | F26: Cierre metalico 12 cm Blanco Ykkb | G26: UND | H26: Nada | I26: =IF($C26="","",IFERROR(INDEX(CAT_CV,MATCH($C26,CAT_NOMBRE,0)),"")) -> CV-02 | Q26: Gravado - Operación Onerosa (18%) | R26: Activo
A27: =IF(OR($E27="",$G27="",$H27="",$Q27="",$R27=""),"",PREFIJO&TEXT(SUMPRODUCT(($E$2:$E27<>"")*($G$2:$G27<>"")*($H$2:$H27<>"")*($Q$2:$Q27<>"")*($R$2:$R27<>"")),"0000")) -> MP-0026 | B27: MATERIA PRIMA | C27: AVIOS DE CONFECCION | D27: CIERRES YKKB | E27: CIERRE METALICO 14 cm BLANCO YKK | F27: Cierre metalico 14 cm Blanco Ykkb | G27: UND | H27: Nada | I27: =IF($C27="","",IFERROR(INDEX(CAT_CV,MATCH($C27,CAT_NOMBRE,0)),"")) -> CV-02 | Q27: Gravado - Operación Onerosa (18%) | R27: Activo
A28: =IF(OR($E28="",$G28="",$H28="",$Q28="",$R28=""),"",PREFIJO&TEXT(SUMPRODUCT(($E$2:$E28<>"")*($G$2:$G28<>"")*($H$2:$H28<>"")*($Q$2:$Q28<>"")*($R$2:$R28<>"")),"0000")) -> MP-0027 | B28: MATERIA PRIMA | C28: AVIOS DE CONFECCION | D28: CIERRES YKKB | E28: CIERRE METALICO 15 cm BLANCO YKK | F28: Cierre metalico 15 cm Blanco Ykkb | G28: UND | H28: Nada | I28: =IF($C28="","",IFERROR(INDEX(CAT_CV,MATCH($C28,CAT_NOMBRE,0)),"")) -> CV-02 | Q28: Gravado - Operación Onerosa (18%) | R28: Activo
A29: =IF(OR($E29="",$G29="",$H29="",$Q29="",$R29=""),"",PREFIJO&TEXT(SUMPRODUCT(($E$2:$E29<>"")*($G$2:$G29<>"")*($H$2:$H29<>"")*($Q$2:$Q29<>"")*($R$2:$R29<>"")),"0000")) -> MP-0028 | B29: MATERIA PRIMA | C29: AVIOS DE CONFECCION | D29: CIERRES YKKC | E29: CIERRE METALICO 8 cm CELESTE YKK | F29: Cierre metalico 8 cm Celeste Ykkc | G29: UND | H29: Nada | I29: =IF($C29="","",IFERROR(INDEX(CAT_CV,MATCH($C29,CAT_NOMBRE,0)),"")) -> CV-02 | Q29: Gravado - Operación Onerosa (18%) | R29: Activo
A30: =IF(OR($E30="",$G30="",$H30="",$Q30="",$R30=""),"",PREFIJO&TEXT(SUMPRODUCT(($E$2:$E30<>"")*($G$2:$G30<>"")*($H$2:$H30<>"")*($Q$2:$Q30<>"")*($R$2:$R30<>"")),"0000")) -> MP-0029 | B30: MATERIA PRIMA | C30: AVIOS DE CONFECCION | D30: CIERRES YKKC | E30: CIERRE METALICO 10 cm CELESTE YKK | F30: Cierre metalico 10 cm Celeste Ykkc | G30: UND | H30: Nada | I30: =IF($C30="","",IFERROR(INDEX(CAT_CV,MATCH($C30,CAT_NOMBRE,0)),"")) -> CV-02 | Q30: Gravado - Operación Onerosa (18%) | R30: Activo
A31: =IF(OR($E31="",$G31="",$H31="",$Q31="",$R31=""),"",PREFIJO&TEXT(SUMPRODUCT(($E$2:$E31<>"")*($G$2:$G31<>"")*($H$2:$H31<>"")*($Q$2:$Q31<>"")*($R$2:$R31<>"")),"0000")) -> MP-0030 | B31: MATERIA PRIMA | C31: AVIOS DE CONFECCION | D31: CIERRES YKKC | E31: CIERRE METALICO 12 cm CELESTE YKK | F31: Cierre metalico 12 cm Celeste Ykkc | G31: UND | H31: Nada | I31: =IF($C31="","",IFERROR(INDEX(CAT_CV,MATCH($C31,CAT_NOMBRE,0)),"")) -> CV-02 | Q31: Gravado - Operación Onerosa (18%) | R31: Activo
A32: =IF(OR($E32="",$G32="",$H32="",$Q32="",$R32=""),"",PREFIJO&TEXT(SUMPRODUCT(($E$2:$E32<>"")*($G$2:$G32<>"")*($H$2:$H32<>"")*($Q$2:$Q32<>"")*($R$2:$R32<>"")),"0000")) -> MP-0031 | B32: MATERIA PRIMA | C32: AVIOS DE CONFECCION | D32: CIERRES YKKC | E32: CIERRE METALICO 13 cm CELESTE YKK | F32: Cierre metalico 13 cm Celeste Ykkc | G32: UND | H32: Nada | I32: =IF($C32="","",IFERROR(INDEX(CAT_CV,MATCH($C32,CAT_NOMBRE,0)),"")) -> CV-02 | Q32: Gravado - Operación Onerosa (18%) | R32: Activo
A33: =IF(OR($E33="",$G33="",$H33="",$Q33="",$R33=""),"",PREFIJO&TEXT(SUMPRODUCT(($E$2:$E33<>"")*($G$2:$G33<>"")*($H$2:$H33<>"")*($Q$2:$Q33<>"")*($R$2:$R33<>"")),"0000")) -> MP-0032 | B33: MATERIA PRIMA | C33: AVIOS DE CONFECCION | D33: CIERRES YKKC | E33: CIERRE METALICO 14 cm CELESTE YKK | F33: Cierre metalico 14 cm Celeste Ykkc | G33: UND | H33: Nada | I33: =IF($C33="","",IFERROR(INDEX(CAT_CV,MATCH($C33,CAT_NOMBRE,0)),"")) -> CV-02 | Q33: Gravado - Operación Onerosa (18%) | R33: Activo
... A46: =IF(OR($E46="",$G46="",$H46="",$Q46="",$R46=""),"",PREFIJO&TEXT(SUMPRODUCT(($E$2:$E46<>"")*($G$2:$G46<>"")*($H$2:$H46<>"")*($Q$2:$Q46<>"")*($R$2:$R46<>"")),"0000")) -> MP-0045 | B46: MATERIA PRIMA | C46: AVIOS DE CONFECCION | D46: TALLITAS | E46: TALLITA BLANCA N° 34 | F46: Tallitas Blancas N° 34 | G46: UND | H46: Nada | I46: =IF($C46="","",IFERROR(INDEX(CAT_CV,MATCH($C46,CAT_NOMBRE,0)),"")) -> CV-02 | Q46: Gravado - Operación Onerosa (18%) | R46: Activo
A47: =IF(OR($E47="",$G47="",$H47="",$Q47="",$R47=""),"",PREFIJO&TEXT(SUMPRODUCT(($E$2:$E47<>"")*($G$2:$G47<>"")*($H$2:$H47<>"")*($Q$2:$Q47<>"")*($R$2:$R47<>"")),"0000")) -> MP-0046 | B47: MATERIA PRIMA | C47: HILOS | E47: HILO BLANCO 20/2 | F47: Hilo Blanco 20/2 | G47: UND | H47: Nada | I47: =IF($C47="","",IFERROR(INDEX(CAT_CV,MATCH($C47,CAT_NOMBRE,0)),"")) -> CV-02 | Q47: Gravado - Operación Onerosa (18%) | R47: Activo
A48: =IF(OR($E48="",$G48="",$H48="",$Q48="",$R48=""),"",PREFIJO&TEXT(SUMPRODUCT(($E$2:$E48<>"")*($G$2:$G48<>"")*($H$2:$H48<>"")*($Q$2:$Q48<>"")*($R$2:$R48<>"")),"0000")) -> MP-0047 | B48: MATERIA PRIMA | C48: HILOS | E48: HILO BLANCO 20/3 | F48: Hilo Blanco 20/3 | G48: UND | H48: Nada | I48: =IF($C48="","",IFERROR(INDEX(CAT_CV,MATCH($C48,CAT_NOMBRE,0)),"")) -> CV-02 | Q48: Gravado - Operación Onerosa (18%) | R48: Activo
A49: =IF(OR($E49="",$G49="",$H49="",$Q49="",$R49=""),"",PREFIJO&TEXT(SUMPRODUCT(($E$2:$E49<>"")*($G$2:$G49<>"")*($H$2:$H49<>"")*($Q$2:$Q49<>"")*($R$2:$R49<>"")),"0000")) -> MP-0048 | B49: MATERIA PRIMA | C49: HILOS | E49: HILO BLANCO 40/2 | F49: Hilo Blanco 40/2 | G49: UND | H49: Nada | Q49: Gravado - Operación Onerosa (18%) | R49: Activo
A50: =IF(OR($E50="",$G50="",$H50="",$Q50="",$R50=""),"",PREFIJO&TEXT(SUMPRODUCT(($E$2:$E50<>"")*($G$2:$G50<>"")*($H$2:$H50<>"")*($Q$2:$Q50<>"")*($R$2:$R50<>"")),"0000")) -> MP-0049 | B50: MATERIA PRIMA | C50: HILOS | E50: HILO BEIGE 13 20/2 | F50: Hilo Beige 13 20/2 | G50: UND | H50: Nada | I50: =IF($C50="","",IFERROR(INDEX(CAT_CV,MATCH($C50,CAT_NOMBRE,0)),"")) -> CV-02 | Q50: Gravado - Operación Onerosa (18%) | R50: Activo
A51: =IF(OR($E51="",$G51="",$H51="",$Q51="",$R51=""),"",PREFIJO&TEXT(SUMPRODUCT(($E$2:$E51<>"")*($G$2:$G51<>"")*($H$2:$H51<>"")*($Q$2:$Q51<>"")*($R$2:$R51<>"")),"0000")) -> MP-0050 | B51: MATERIA PRIMA | C51: HILOS | E51: HILO BEIGE 13 20/3 | F51: Hilo Beige 13 20/3 | G51: UND | H51: Nada | I51: =IF($C51="","",IFERROR(INDEX(CAT_CV,MATCH($C51,CAT_NOMBRE,0)),"")) -> CV-02 | Q51: Gravado - Operación Onerosa (18%) | R51: Activo
A52: =IF(OR($E52="",$G52="",$H52="",$Q52="",$R52=""),"",PREFIJO&TEXT(SUMPRODUCT(($E$2:$E52<>"")*($G$2:$G52<>"")*($H$2:$H52<>"")*($Q$2:$Q52<>"")*($R$2:$R52<>"")),"0000")) -> MP-0051 | B52: MATERIA PRIMA | C52: HILOS | E52: HILO BEIGE 13 40/2 | F52: Hilo Beige 13 40/2 | G52: UND | H52: Nada | Q52: Gravado - Operación Onerosa (18%) | R52: Activo
A53: =IF(OR($E53="",$G53="",$H53="",$Q53="",$R53=""),"",PREFIJO&TEXT(SUMPRODUCT(($E$2:$E53<>"")*($G$2:$G53<>"")*($H$2:$H53<>"")*($Q$2:$Q53<>"")*($R$2:$R53<>"")),"0000")) -> MP-0052 | B53: MATERIA PRIMA | C53: HILOS | E53: HILO NEGRO 325 20/2 | F53: Hilo Negro 325 20/2 | G53: UND | H53: Nada | I53: =IF($C53="","",IFERROR(INDEX(CAT_CV,MATCH($C53,CAT_NOMBRE,0)),"")) -> CV-02 | Q53: Gravado - Operación Onerosa (18%) | R53: Activo
A54: =IF(OR($E54="",$G54="",$H54="",$Q54="",$R54=""),"",PREFIJO&TEXT(SUMPRODUCT(($E$2:$E54<>"")*($G$2:$G54<>"")*($H$2:$H54<>"")*($Q$2:$Q54<>"")*($R$2:$R54<>"")),"0000")) -> MP-0053 | B54: MATERIA PRIMA | C54: HILOS | E54: HILO NEGRO 325 20/3 | F54: Hilo Negro 325 20/3 | G54: UND | H54: Nada | I54: =IF($C54="","",IFERROR(INDEX(CAT_CV,MATCH($C54,CAT_NOMBRE,0)),"")) -> CV-02 | Q54: Gravado - Operación Onerosa (18%) | R54: Activo
A55: =IF(OR($E55="",$G55="",$H55="",$Q55="",$R55=""),"",PREFIJO&TEXT(SUMPRODUCT(($E$2:$E55<>"")*($G$2:$G55<>"")*($H$2:$H55<>"")*($Q$2:$Q55<>"")*($R$2:$R55<>"")),"0000")) -> MP-0054 | B55: MATERIA PRIMA | C55: HILOS | E55: HILO NEGRO 325 40/2 | F55: Hilo Negro 325 40/2 | G55: UND | H55: Nada | I55: =IF($C55="","",IFERROR(INDEX(CAT_CV,MATCH($C55,CAT_NOMBRE,0)),"")) -> CV-02 | Q55: Gravado - Operación Onerosa (18%) | R55: Activo
A56: =IF(OR($E56="",$G56="",$H56="",$Q56="",$R56=""),"",PREFIJO&TEXT(SUMPRODUCT(($E$2:$E56<>"")*($G$2:$G56<>"")*($H$2:$H56<>"")*($Q$2:$Q56<>"")*($R$2:$R56<>"")),"0000")) -> MP-0055 | B56: MATERIA PRIMA | C56: HILOS | E56: HILO OCRE AG112 20/2 | F56: Hilo Ag 112 20/2 | G56: UND | H56: Nada | I56: =IF($C56="","",IFERROR(INDEX(CAT_CV,MATCH($C56,CAT_NOMBRE,0)),"")) -> CV-02 | Q56: Gravado - Operación Onerosa (18%) | R56: Activo
A57: =IF(OR($E57="",$G57="",$H57="",$Q57="",$R57=""),"",PREFIJO&TEXT(SUMPRODUCT(($E$2:$E57<>"")*($G$2:$G57<>"")*($H$2:$H57<>"")*($Q$2:$Q57<>"")*($R$2:$R57<>"")),"0000")) -> MP-0056 | B57: MATERIA PRIMA | C57: HILOS | E57: HILO OCRE AG112 20/3 | F57: Hilo Ag 112 20/3 | G57: UND | H57: Nada | I57: =IF($C57="","",IFERROR(INDEX(CAT_CV,MATCH($C57,CAT_NOMBRE,0)),"")) -> CV-02 | Q57: Gravado - Operación Onerosa (18%) | R57: Activo
A58: =IF(OR($E58="",$G58="",$H58="",$Q58="",$R58=""),"",PREFIJO&TEXT(SUMPRODUCT(($E$2:$E58<>"")*($G$2:$G58<>"")*($H$2:$H58<>"")*($Q$2:$Q58<>"")*($R$2:$R58<>"")),"0000")) -> MP-0057 | B58: MATERIA PRIMA | C58: HILOS | E58: HILO OCRE AG112 40/2 | F58: Hilo Ag 112 40/2 | G58: UND | H58: Nada | I58: =IF($C58="","",IFERROR(INDEX(CAT_CV,MATCH($C58,CAT_NOMBRE,0)),"")) -> CV-02 | Q58: Gravado - Operación Onerosa (18%) | R58: Activo
A59: =IF(OR($E59="",$G59="",$H59="",$Q59="",$R59=""),"",PREFIJO&TEXT(SUMPRODUCT(($E$2:$E59<>"")*($G$2:$G59<>"")*($H$2:$H59<>"")*($Q$2:$Q59<>"")*($R$2:$R59<>"")),"0000")) -> MP-0058 | B59: MATERIA PRIMA | C59: HILOS | E59: HILO ACERO 342 20/2 | F59: Hilo Acero 342 20/2 | G59: UND | H59: Nada | I59: =IF($C59="","",IFERROR(INDEX(CAT_CV,MATCH($C59,CAT_NOMBRE,0)),"")) -> CV-02 | Q59: Gravado - Operación Onerosa (18%) | R59: Activo
A60: =IF(OR($E60="",$G60="",$H60="",$Q60="",$R60=""),"",PREFIJO&TEXT(SUMPRODUCT(($E$2:$E60<>"")*($G$2:$G60<>"")*($H$2:$H60<>"")*($Q$2:$Q60<>"")*($R$2:$R60<>"")),"0000")) -> MP-0059 | B60: MATERIA PRIMA | C60: HILOS | E60: HILO ACERO 342 40/2 | F60: Hilo Acero 342 40/2 | G60: UND | H60: Nada | I60: =IF($C60="","",IFERROR(INDEX(CAT_CV,MATCH($C60,CAT_NOMBRE,0)),"")) -> CV-02 | Q60: Gravado - Operación Onerosa (18%) | R60: Activo
A61: =IF(OR($E61="",$G61="",$H61="",$Q61="",$R61=""),"",PREFIJO&TEXT(SUMPRODUCT(($E$2:$E61<>"")*($G$2:$G61<>"")*($H$2:$H61<>"")*($Q$2:$Q61<>"")*($R$2:$R61<>"")),"0000")) -> MP-0060 | B61: MATERIA PRIMA | C61: HILOS | E61: HILO HUESO 351 20/2 | F61: Hilo Hueso 351 20/2 | G61: UND | H61: Nada | Q61: Gravado - Operación Onerosa (18%) | R61: Activo
A62: =IF(OR($E62="",$G62="",$H62="",$Q62="",$R62=""),"",PREFIJO&TEXT(SUMPRODUCT(($E$2:$E62<>"")*($G$2:$G62<>"")*($H$2:$H62<>"")*($Q$2:$Q62<>"")*($R$2:$R62<>"")),"0000")) -> MP-0061 | B62: MATERIA PRIMA | C62: HILOS | E62: HILO HUESO 351 20/3 | F62: Hilo Hueso 351 20/3 | G62: UND | H62: Nada | I62: =IF($C62="","",IFERROR(INDEX(CAT_CV,MATCH($C62,CAT_NOMBRE,0)),"")) -> CV-02 | Q62: Gravado - Operación Onerosa (18%) | R62: Activo
A63: =IF(OR($E63="",$G63="",$H63="",$Q63="",$R63=""),"",PREFIJO&TEXT(SUMPRODUCT(($E$2:$E63<>"")*($G$2:$G63<>"")*($H$2:$H63<>"")*($Q$2:$Q63<>"")*($R$2:$R63<>"")),"0000")) -> MP-0062 | B63: MATERIA PRIMA | C63: HILOS | E63: HILO HUESO 351 40/2 | F63: Hilo Hueso 351 20/4 | G63: UND | H63: Nada | Q63: Gravado - Operación Onerosa (18%) | R63: Activo
A64: =IF(OR($E64="",$G64="",$H64="",$Q64="",$R64=""),"",PREFIJO&TEXT(SUMPRODUCT(($E$2:$E64<>"")*($G$2:$G64<>"")*($H$2:$H64<>"")*($Q$2:$Q64<>"")*($R$2:$R64<>"")),"0000")) -> MP-0063 | B64: MATERIA PRIMA | C64: HILOS | E64: HILO CRUDO 20 | F64: Hilo Crudo 20 | G64: UND | H64: Nada | I64: =IF($C64="","",IFERROR(INDEX(CAT_CV,MATCH($C64,CAT_NOMBRE,0)),"")) -> CV-02 | Q64: Gravado - Operación Onerosa (18%) | R64: Activo
A65: =IF(OR($E65="",$G65="",$H65="",$Q65="",$R65=""),"",PREFIJO&TEXT(SUMPRODUCT(($E$2:$E65<>"")*($G$2:$G65<>"")*($H$2:$H65<>"")*($Q$2:$Q65<>"")*($R$2:$R65<>"")),"0000")) -> MP-0064 | B65: MATERIA PRIMA | C65: HILOS | E65: HILO CRUDO 30 | F65: Hilo Crudo 30 | G65: UND | H65: Nada | I65: =IF($C65="","",IFERROR(INDEX(CAT_CV,MATCH($C65,CAT_NOMBRE,0)),"")) -> CV-02 | Q65: Gravado - Operación Onerosa (18%) | R65: Activo
A66: =IF(OR($E66="",$G66="",$H66="",$Q66="",$R66=""),"",PREFIJO&TEXT(SUMPRODUCT(($E$2:$E66<>"")*($G$2:$G66<>"")*($H$2:$H66<>"")*($Q$2:$Q66<>"")*($R$2:$R66<>"")),"0000")) -> MP-0065 | B66: MATERIA PRIMA | C66: TELAS | D66: CONFORT | E66: DENIM CONFORT 4055 BLUE | F66: Denim Confort 4055 Blue | G66: mt | H66: Nada | I66: =IF($C66="","",IFERROR(INDEX(CAT_CV,MATCH($C66,CAT_NOMBRE,0)),"")) -> CV-01 | Q66: Gravado - Operación Onerosa (18%) | R66: Activo
A67: =IF(OR($E67="",$G67="",$H67="",$Q67="",$R67=""),"",PREFIJO&TEXT(SUMPRODUCT(($E$2:$E67<>"")*($G$2:$G67<>"")*($H$2:$H67<>"")*($Q$2:$Q67<>"")*($R$2:$R67<>"")),"0000")) -> MP-0066 | B67: MATERIA PRIMA | C67: TELAS | D67: RIGIDO | E67: DENIM RIGIDO 7384 BLUE | F67: Denim Rigido 7382 Blue | G67: mt | H67: Nada | I67: =IF($C67="","",IFERROR(INDEX(CAT_CV,MATCH($C67,CAT_NOMBRE,0)),"")) -> CV-01 | Q67: Gravado - Operación Onerosa (18%) | R67: Activo
A68: =IF(OR($E68="",$G68="",$H68="",$Q68="",$R68=""),"",PREFIJO&TEXT(SUMPRODUCT(($E$2:$E68<>"")*($G$2:$G68<>"")*($H$2:$H68<>"")*($Q$2:$Q68<>"")*($R$2:$R68<>"")),"0000")) -> MP-0067 | B68: MATERIA PRIMA | C68: TELAS | D68: RIGIDO | E68: DENIM RIGIDO 7382 BLUE | F68: Denim Rigido 7382 Blue | G68: mt | H68: Nada | I68: =IF($C68="","",IFERROR(INDEX(CAT_CV,MATCH($C68,CAT_NOMBRE,0)),"")) -> CV-01 | Q68: Gravado - Operación Onerosa (18%) | R68: Activo
A69: =IF(OR($E69="",$G69="",$H69="",$Q69="",$R69=""),"",PREFIJO&TEXT(SUMPRODUCT(($E$2:$E69<>"")*($G$2:$G69<>"")*($H$2:$H69<>"")*($Q$2:$Q69<>"")*($R$2:$R69<>"")),"0000")) -> MP-0068 | B69: MATERIA PRIMA | C69: TELAS | D69: CONFORT | E69: DENIM CONFORT BORA BORA BLACK | F69: Denim Confort Bora Black | G69: mt | H69: Nada | I69: =IF($C69="","",IFERROR(INDEX(CAT_CV,MATCH($C69,CAT_NOMBRE,0)),"")) -> CV-01 | Q69: Gravado - Operación Onerosa (18%) | R69: Activo
A70: =IF(OR($E70="",$G70="",$H70="",$Q70="",$R70=""),"",PREFIJO&TEXT(SUMPRODUCT(($E$2:$E70<>"")*($G$2:$G70<>"")*($H$2:$H70<>"")*($Q$2:$Q70<>"")*($R$2:$R70<>"")),"0000")) -> MP-0069 | B70: MATERIA PRIMA | C70: TELAS | D70: CONFORT | E70: DENIM CONFORT BORA BORA AZUL | F70: Denim Confort Bora Azul | G70: mt | H70: Nada | Q70: Gravado - Operación Onerosa (18%) | R70: Activo
A71: =IF(OR($E71="",$G71="",$H71="",$Q71="",$R71=""),"",PREFIJO&TEXT(SUMPRODUCT(($E$2:$E71<>"")*($G$2:$G71<>"")*($H$2:$H71<>"")*($Q$2:$Q71<>"")*($R$2:$R71<>"")),"0000")) -> MP-0070 | B71: MATERIA PRIMA | C71: TELAS | D71: CONFORT | E71: DENIM CONFORT 8715 BLUE | F71: Denim Confort 8715 Blue | G71: mt | H71: Nada | I71: =IF($C71="","",IFERROR(INDEX(CAT_CV,MATCH($C71,CAT_NOMBRE,0)),"")) -> CV-01 | Q71: Gravado - Operación Onerosa (18%) | R71: Activo
A72: =IF(OR($E72="",$G72="",$H72="",$Q72="",$R72=""),"",PREFIJO&TEXT(SUMPRODUCT(($E$2:$E72<>"")*($G$2:$G72<>"")*($H$2:$H72<>"")*($Q$2:$Q72<>"")*($R$2:$R72<>"")),"0000")) -> MP-0071 | B72: MATERIA PRIMA | C72: TELAS | D72: CONFORT | E72: DENIM CONFORT 8715 BLACK | F72: Denim Confort 8715 Black | G72: mt | H72: Nada | I72: =IF($C72="","",IFERROR(INDEX(CAT_CV,MATCH($C72,CAT_NOMBRE,0)),"")) -> CV-01 | Q72: Gravado - Operación Onerosa (18%) | R72: Activo
A73: =IF(OR($E73="",$G73="",$H73="",$Q73="",$R73=""),"",PREFIJO&TEXT(SUMPRODUCT(($E$2:$E73<>"")*($G$2:$G73<>"")*($H$2:$H73<>"")*($Q$2:$Q73<>"")*($R$2:$R73<>"")),"0000")) -> MP-0072 | B73: MATERIA PRIMA | C73: TELAS | D73: CONFORT | E73: DENIM CONFORT 3823 FORTE BLUE | F73: Denim Confort 3823 Forte Blue | G73: mt | H73: Nada | I73: =IF($C73="","",IFERROR(INDEX(CAT_CV,MATCH($C73,CAT_NOMBRE,0)),"")) -> CV-01 | Q73: Gravado - Operación Onerosa (18%) | R73: Activo
A74: =IF(OR($E74="",$G74="",$H74="",$Q74="",$R74=""),"",PREFIJO&TEXT(SUMPRODUCT(($E$2:$E74<>"")*($G$2:$G74<>"")*($H$2:$H74<>"")*($Q$2:$Q74<>"")*($R$2:$R74<>"")),"0000")) -> MP-0073 | B74: MATERIA PRIMA | C74: TELAS | D74: RIGIDO | E74: DENIM RIGIDO 7388 BLUE | F74: Denim Rigido 7388 Blue | G74: mt | H74: Nada | I74: =IF($C74="","",IFERROR(INDEX(CAT_CV,MATCH($C74,CAT_NOMBRE,0)),"")) -> CV-01 | Q74: Gravado - Operación Onerosa (18%) | R74: Activo
A75: =IF(OR($E75="",$G75="",$H75="",$Q75="",$R75=""),"",PREFIJO&TEXT(SUMPRODUCT(($E$2:$E75<>"")*($G$2:$G75<>"")*($H$2:$H75<>"")*($Q$2:$Q75<>"")*($R$2:$R75<>"")),"0000")) -> MP-0074 | B75: MATERIA PRIMA | C75: TELAS | D75: RIGIDO | E75: DENIM RIGIDO 7388 BLACK | F75: Denim Rigido 7388 Black | G75: mt | H75: Nada | I75: =IF($C75="","",IFERROR(INDEX(CAT_CV,MATCH($C75,CAT_NOMBRE,0)),"")) -> CV-01 | Q75: Gravado - Operación Onerosa (18%) | R75: Activo
A76: =IF(OR($E76="",$G76="",$H76="",$Q76="",$R76=""),"",PREFIJO&TEXT(SUMPRODUCT(($E$2:$E76<>"")*($G$2:$G76<>"")*($H$2:$H76<>"")*($Q$2:$Q76<>"")*($R$2:$R76<>"")),"0000")) -> MP-0075 | B76: MATERIA PRIMA | C76: TELAS | D76: RIGIDO | E76: DENIM RIGIDO BROKER AZUL | F76: Denim Rigido Broker Azul | G76: mt | H76: Nada | I76: =IF($C76="","",IFERROR(INDEX(CAT_CV,MATCH($C76,CAT_NOMBRE,0)),"")) -> CV-01 | Q76: Gravado - Operación Onerosa (18%) | R76: Activo
A77: =IF(OR($E77="",$G77="",$H77="",$Q77="",$R77=""),"",PREFIJO&TEXT(SUMPRODUCT(($E$2:$E77<>"")*($G$2:$G77<>"")*($H$2:$H77<>"")*($Q$2:$Q77<>"")*($R$2:$R77<>"")),"0000")) -> MP-0076 | B77: MATERIA PRIMA | C77: TELAS | D77: CONFORT | E77: DENIM CONFORT JAVA AZUL | F77: Denim Confort Java Azul | G77: mt | H77: Nada | I77: =IF($C77="","",IFERROR(INDEX(CAT_CV,MATCH($C77,CAT_NOMBRE,0)),"")) -> CV-01 | Q77: Gravado - Operación Onerosa (18%) | R77: Activo
A78: =IF(OR($E78="",$G78="",$H78="",$Q78="",$R78=""),"",PREFIJO&TEXT(SUMPRODUCT(($E$2:$E78<>"")*($G$2:$G78<>"")*($H$2:$H78<>"")*($Q$2:$Q78<>"")*($R$2:$R78<>"")),"0000")) -> MP-0077 | B78: MATERIA PRIMA | C78: TELAS | D78: CONFORT | E78: DENIM CONFORT JAVA BLACK | F78: Denim Confort Java Black | G78: mt | H78: Nada | I78: =IF($C78="","",IFERROR(INDEX(CAT_CV,MATCH($C78,CAT_NOMBRE,0)),"")) -> CV-01 | Q78: Gravado - Operación Onerosa (18%) | R78: Activo
A79: =IF(OR($E79="",$G79="",$H79="",$Q79="",$R79=""),"",PREFIJO&TEXT(SUMPRODUCT(($E$2:$E79<>"")*($G$2:$G79<>"")*($H$2:$H79<>"")*($Q$2:$Q79<>"")*($R$2:$R79<>"")),"0000")) -> MP-0078 | B79: MATERIA PRIMA | C79: TELAS | D79: RIGIDO | E79: DENIM RIGIDO 3560 BLACK | F79: Denim Rigido 3560 Black | G79: mt | H79: Nada | I79: =IF($C79="","",IFERROR(INDEX(CAT_CV,MATCH($C79,CAT_NOMBRE,0)),"")) -> CV-01 | Q79: Gravado - Operación Onerosa (18%) | R79: Activo
A80: =IF(OR($E80="",$G80="",$H80="",$Q80="",$R80=""),"",PREFIJO&TEXT(SUMPRODUCT(($E$2:$E80<>"")*($G$2:$G80<>"")*($H$2:$H80<>"")*($Q$2:$Q80<>"")*($R$2:$R80<>"")),"0000")) -> MP-0079 | B80: MATERIA PRIMA | C80: TELAS | D80: RIGIDO | E80: DENIM RIGIDO 3560 BLUE | F80: Denim Rigido 3560 Blue | G80: mt | H80: Nada | Q80: Gravado - Operación Onerosa (18%) | R80: Activo
A81: =IF(OR($E81="",$G81="",$H81="",$Q81="",$R81=""),"",PREFIJO&TEXT(SUMPRODUCT(($E$2:$E81<>"")*($G$2:$G81<>"")*($H$2:$H81<>"")*($Q$2:$Q81<>"")*($R$2:$R81<>"")),"0000")) -> MP-0080 | B81: MATERIA PRIMA | C81: TELAS | D81: RIGIDO | E81: DENIM RIGIDO 5422 BLACK | F81: Denim Rigido 5422 Black | G81: mt | H81: Nada | I81: =IF($C81="","",IFERROR(INDEX(CAT_CV,MATCH($C81,CAT_NOMBRE,0)),"")) -> CV-01 | Q81: Gravado - Operación Onerosa (18%) | R81: Activo
A82: =IF(OR($E82="",$G82="",$H82="",$Q82="",$R82=""),"",PREFIJO&TEXT(SUMPRODUCT(($E$2:$E82<>"")*($G$2:$G82<>"")*($H$2:$H82<>"")*($Q$2:$Q82<>"")*($R$2:$R82<>"")),"0000")) -> MP-0081 | B82: MATERIA PRIMA | C82: TELAS | D82: CONFORT | E82: DENIM CONFORT CONFY AZUL | F82: Denim Confort Confy Azul | G82: mt | H82: Nada | I82: =IF($C82="","",IFERROR(INDEX(CAT_CV,MATCH($C82,CAT_NOMBRE,0)),"")) -> CV-01 | Q82: Gravado - Operación Onerosa (18%) | R82: Activo
A83: =IF(OR($E83="",$G83="",$H83="",$Q83="",$R83=""),"",PREFIJO&TEXT(SUMPRODUCT(($E$2:$E83<>"")*($G$2:$G83<>"")*($H$2:$H83<>"")*($Q$2:$Q83<>"")*($R$2:$R83<>"")),"0000")) -> MP-0082 | B83: MATERIA PRIMA | C83: TELAS | D83: CONFORT | E83: DENIM CONFORT 7492 AZUL | F83: Denim Confort 7492 Azul | G83: mt | H83: Nada | I83: =IF($C83="","",IFERROR(INDEX(CAT_CV,MATCH($C83,CAT_NOMBRE,0)),"")) -> CV-01 | Q83: Gravado - Operación Onerosa (18%) | R83: Activo
A84: =IF(OR($E84="",$G84="",$H84="",$Q84="",$R84=""),"",PREFIJO&TEXT(SUMPRODUCT(($E$2:$E84<>"")*($G$2:$G84<>"")*($H$2:$H84<>"")*($Q$2:$Q84<>"")*($R$2:$R84<>"")),"0000")) -> MP-0083 | B84: MATERIA PRIMA | C84: TELAS | D84: RIGIDO | E84: DENIM RIGIDO 7048 BLUE | F84: Denim Rigido 7048 Blue | G84: mt | H84: Nada | I84: =IF($C84="","",IFERROR(INDEX(CAT_CV,MATCH($C84,CAT_NOMBRE,0)),"")) -> CV-01 | Q84: Gravado - Operación Onerosa (18%) | R84: Activo
A85: =IF(OR($E85="",$G85="",$H85="",$Q85="",$R85=""),"",PREFIJO&TEXT(SUMPRODUCT(($E$2:$E85<>"")*($G$2:$G85<>"")*($H$2:$H85<>"")*($Q$2:$Q85<>"")*($R$2:$R85<>"")),"0000")) -> MP-0084 | B85: MATERIA PRIMA | C85: TELAS | D85: CONFORT | E85: DENIM CONFORT STARWARD AZUL | F85: Denim Confort Starward Azul | G85: mt | H85: Nada | I85: =IF($C85="","",IFERROR(INDEX(CAT_CV,MATCH($C85,CAT_NOMBRE,0)),"")) -> CV-01 | Q85: Gravado - Operación Onerosa (18%) | R85: Activo
A86: =IF(OR($E86="",$G86="",$H86="",$Q86="",$R86=""),"",PREFIJO&TEXT(SUMPRODUCT(($E$2:$E86<>"")*($G$2:$G86<>"")*($H$2:$H86<>"")*($Q$2:$Q86<>"")*($R$2:$R86<>"")),"0000")) -> MP-0085 | B86: MATERIA PRIMA | C86: TELAS | D86: CONFORT | E86: DENIM CONFORT 8828 BLUE | F86: Denim Confort 8828 Blue | G86: mt | H86: Nada | I86: =IF($C86="","",IFERROR(INDEX(CAT_CV,MATCH($C86,CAT_NOMBRE,0)),"")) -> CV-01 | Q86: Gravado - Operación Onerosa (18%) | R86: Activo
A87: =IF(OR($E87="",$G87="",$H87="",$Q87="",$R87=""),"",PREFIJO&TEXT(SUMPRODUCT(($E$2:$E87<>"")*($G$2:$G87<>"")*($H$2:$H87<>"")*($Q$2:$Q87<>"")*($R$2:$R87<>"")),"0000")) -> MP-0086 | B87: MATERIA PRIMA | C87: TELAS | D87: CONFORT | E87: DENIM CONFORT 8822 BLUE | F87: Denim Confort 8822 Blue | G87: mt | H87: Nada | I87: =IF($C87="","",IFERROR(INDEX(CAT_CV,MATCH($C87,CAT_NOMBRE,0)),"")) -> CV-01 | Q87: Gravado - Operación Onerosa (18%) | R87: Activo
A88: =IF(OR($E88="",$G88="",$H88="",$Q88="",$R88=""),"",PREFIJO&TEXT(SUMPRODUCT(($E$2:$E88<>"")*($G$2:$G88<>"")*($H$2:$H88<>"")*($Q$2:$Q88<>"")*($R$2:$R88<>"")),"0000")) -> MP-0087 | B88: MATERIA PRIMA | C88: TELAS | D88: STRECH | E88: DENIM STRECH 8008 BLUE | F88: Denim Strech 8008 Blue | G88: mt | H88: Nada | I88: =IF($C88="","",IFERROR(INDEX(CAT_CV,MATCH($C88,CAT_NOMBRE,0)),"")) -> CV-01 | Q88: Gravado - Operación Onerosa (18%) | R88: Activo
A89: =IF(OR($E89="",$G89="",$H89="",$Q89="",$R89=""),"",PREFIJO&TEXT(SUMPRODUCT(($E$2:$E89<>"")*($G$2:$G89<>"")*($H$2:$H89<>"")*($Q$2:$Q89<>"")*($R$2:$R89<>"")),"0000")) -> MP-0088 | B89: MATERIA PRIMA | C89: TELAS | D89: STRECH | E89: DENIM STRECH DELUXE JADE BLUE | F89: Denim Strech Deluxe Jade Blue | G89: mt | H89: Nada | I89: =IF($C89="","",IFERROR(INDEX(CAT_CV,MATCH($C89,CAT_NOMBRE,0)),"")) -> CV-01 | Q89: Gravado - Operación Onerosa (18%) | R89: Activo
A90: =IF(OR($E90="",$G90="",$H90="",$Q90="",$R90=""),"",PREFIJO&TEXT(SUMPRODUCT(($E$2:$E90<>"")*($G$2:$G90<>"")*($H$2:$H90<>"")*($Q$2:$Q90<>"")*($R$2:$R90<>"")),"0000")) -> MP-0089 | B90: MATERIA PRIMA | C90: TELAS | D90: STRECH | E90: DENIM STRECH 8312 AZUL | F90: Denim Strech 8312 Azul | G90: mt | H90: Nada | I90: =IF($C90="","",IFERROR(INDEX(CAT_CV,MATCH($C90,CAT_NOMBRE,0)),"")) -> CV-01 | Q90: Gravado - Operación Onerosa (18%) | R90: Activo
A91: =IF(OR($E91="",$G91="",$H91="",$Q91="",$R91=""),"",PREFIJO&TEXT(SUMPRODUCT(($E$2:$E91<>"")*($G$2:$G91<>"")*($H$2:$H91<>"")*($Q$2:$Q91<>"")*($R$2:$R91<>"")),"0000")) -> MP-0090 | B91: MATERIA PRIMA | C91: TELAS | D91: STRECH | E91: DENIM STRECH ROSE BLUE | F91: Denim Strech Rose Blue | G91: mt | H91: Nada | I91: =IF($C91="","",IFERROR(INDEX(CAT_CV,MATCH($C91,CAT_NOMBRE,0)),"")) -> CV-01 | Q91: Gravado - Operación Onerosa (18%) | R91: Activo
A92: =IF(OR($E92="",$G92="",$H92="",$Q92="",$R92=""),"",PREFIJO&TEXT(SUMPRODUCT(($E$2:$E92<>"")*($G$2:$G92<>"")*($H$2:$H92<>"")*($Q$2:$Q92<>"")*($R$2:$R92<>"")),"0000")) -> MP-0091 | B92: MATERIA PRIMA | C92: TELAS | D92: RIGIDO | E92: PAPER TOUCH 1560 CRUDO | F92: Paper Touch 1560 Crudo | G92: mt | H92: Nada | I92: =IF($C92="","",IFERROR(INDEX(CAT_CV,MATCH($C92,CAT_NOMBRE,0)),"")) -> CV-01 | Q92: Gravado - Operación Onerosa (18%) | R92: Activo
... A102: =IF(OR($E102="",$G102="",$H102="",$Q102="",$R102=""),"",PREFIJO&TEXT(SUMPRODUCT(($E$2:$E102<>"")*($G$2:$G102<>"")*($H$2:$H102<>"")*($Q$2:$Q102<>"")*($R$2:$R102<>"")),"0000")) -> MP-0101 | B102: MATERIA PRIMA | C102: TELAS | D102: RIGIDO | E102: DENIM DIGIDO TRAKTOR AZUL | F102: Denim Digido Traktor Azul | G102: mt | H102: Nada | I102: =IF($C102="","",IFERROR(INDEX(CAT_CV,MATCH($C102,CAT_NOMBRE,0)),"")) -> CV-01 | Q102: Gravado - Operación Onerosa (18%) | R102: Activo
A103: =IF(OR($E103="",$G103="",$H103="",$Q103="",$R103=""),"",PREFIJO&TEXT(SUMPRODUCT(($E$2:$E103<>"")*($G$2:$G103<>"")*($H$2:$H103<>"")*($Q$2:$Q103<>"")*($R$2:$R103<>"")),"0000")) | B103: =IF($A103="","",GRUPO_NOMBRE) | I103: =IF($C103="","",IFERROR(INDEX(CAT_CV,MATCH($C103,CAT_NOMBRE,0)),""))
A104: =IF(OR($E104="",$G104="",$H104="",$Q104="",$R104=""),"",PREFIJO&TEXT(SUMPRODUCT(($E$2:$E104<>"")*($G$2:$G104<>"")*($H$2:$H104<>"")*($Q$2:$Q104<>"")*($R$2:$R104<>"")),"0000")) | B104: =IF($A104="","",GRUPO_NOMBRE) | I104: =IF($C104="","",IFERROR(INDEX(CAT_CV,MATCH($C104,CAT_NOMBRE,0)),""))
A105: =IF(OR($E105="",$G105="",$H105="",$Q105="",$R105=""),"",PREFIJO&TEXT(SUMPRODUCT(($E$2:$E105<>"")*($G$2:$G105<>"")*($H$2:$H105<>"")*($Q$2:$Q105<>"")*($R$2:$R105<>"")),"0000")) | B105: =IF($A105="","",GRUPO_NOMBRE) | I105: =IF($C105="","",IFERROR(INDEX(CAT_CV,MATCH($C105,CAT_NOMBRE,0)),""))
A106: =IF(OR($E106="",$G106="",$H106="",$Q106="",$R106=""),"",PREFIJO&TEXT(SUMPRODUCT(($E$2:$E106<>"")*($G$2:$G106<>"")*($H$2:$H106<>"")*($Q$2:$Q106<>"")*($R$2:$R106<>"")),"0000")) | B106: =IF($A106="","",GRUPO_NOMBRE) | I106: =IF($C106="","",IFERROR(INDEX(CAT_CV,MATCH($C106,CAT_NOMBRE,0)),""))
A107: =IF(OR($E107="",$G107="",$H107="",$Q107="",$R107=""),"",PREFIJO&TEXT(SUMPRODUCT(($E$2:$E107<>"")*($G$2:$G107<>"")*($H$2:$H107<>"")*($Q$2:$Q107<>"")*($R$2:$R107<>"")),"0000")) | B107: =IF($A107="","",GRUPO_NOMBRE) | I107: =IF($C107="","",IFERROR(INDEX(CAT_CV,MATCH($C107,CAT_NOMBRE,0)),""))
A108: =IF(OR($E108="",$G108="",$H108="",$Q108="",$R108=""),"",PREFIJO&TEXT(SUMPRODUCT(($E$2:$E108<>"")*($G$2:$G108<>"")*($H$2:$H108<>"")*($Q$2:$Q108<>"")*($R$2:$R108<>"")),"0000")) | B108: =IF($A108="","",GRUPO_NOMBRE) | I108: =IF($C108="","",IFERROR(INDEX(CAT_CV,MATCH($C108,CAT_NOMBRE,0)),""))
A109: =IF(OR($E109="",$G109="",$H109="",$Q109="",$R109=""),"",PREFIJO&TEXT(SUMPRODUCT(($E$2:$E109<>"")*($G$2:$G109<>"")*($H$2:$H109<>"")*($Q$2:$Q109<>"")*($R$2:$R109<>"")),"0000")) | B109: =IF($A109="","",GRUPO_NOMBRE) | I109: =IF($C109="","",IFERROR(INDEX(CAT_CV,MATCH($C109,CAT_NOMBRE,0)),""))
A110: =IF(OR($E110="",$G110="",$H110="",$Q110="",$R110=""),"",PREFIJO&TEXT(SUMPRODUCT(($E$2:$E110<>"")*($G$2:$G110<>"")*($H$2:$H110<>"")*($Q$2:$Q110<>"")*($R$2:$R110<>"")),"0000")) | B110: =IF($A110="","",GRUPO_NOMBRE) | I110: =IF($C110="","",IFERROR(INDEX(CAT_CV,MATCH($C110,CAT_NOMBRE,0)),""))
A111: =IF(OR($E111="",$G111="",$H111="",$Q111="",$R111=""),"",PREFIJO&TEXT(SUMPRODUCT(($E$2:$E111<>"")*($G$2:$G111<>"")*($H$2:$H111<>"")*($Q$2:$Q111<>"")*($R$2:$R111<>"")),"0000")) | B111: =IF($A111="","",GRUPO_NOMBRE) | I111: =IF($C111="","",IFERROR(INDEX(CAT_CV,MATCH($C111,CAT_NOMBRE,0)),""))
A112: =IF(OR($E112="",$G112="",$H112="",$Q112="",$R112=""),"",PREFIJO&TEXT(SUMPRODUCT(($E$2:$E112<>"")*($G$2:$G112<>"")*($H$2:$H112<>"")*($Q$2:$Q112<>"")*($R$2:$R112<>"")),"0000")) | B112: =IF($A112="","",GRUPO_NOMBRE) | I112: =IF($C112="","",IFERROR(INDEX(CAT_CV,MATCH($C112,CAT_NOMBRE,0)),""))
A113: =IF(OR($E113="",$G113="",$H113="",$Q113="",$R113=""),"",PREFIJO&TEXT(SUMPRODUCT(($E$2:$E113<>"")*($G$2:$G113<>"")*($H$2:$H113<>"")*($Q$2:$Q113<>"")*($R$2:$R113<>"")),"0000")) | B113: =IF($A113="","",GRUPO_NOMBRE) | I113: =IF($C113="","",IFERROR(INDEX(CAT_CV,MATCH($C113,CAT_NOMBRE,0)),""))
A114: =IF(OR($E114="",$G114="",$H114="",$Q114="",$R114=""),"",PREFIJO&TEXT(SUMPRODUCT(($E$2:$E114<>"")*($G$2:$G114<>"")*($H$2:$H114<>"")*($Q$2:$Q114<>"")*($R$2:$R114<>"")),"0000")) | B114: =IF($A114="","",GRUPO_NOMBRE) | I114: =IF($C114="","",IFERROR(INDEX(CAT_CV,MATCH($C114,CAT_NOMBRE,0)),""))
... A213: =IF(OR($E213="",$G213="",$H213="",$Q213="",$R213=""),"",PREFIJO&TEXT(SUMPRODUCT(($E$2:$E213<>"")*($G$2:$G213<>"")*($H$2:$H213<>"")*($Q$2:$Q213<>"")*($R$2:$R213<>"")),"0000")) | B213: =IF($A213="","",GRUPO_NOMBRE) | I213: =IF($C213="","",IFERROR(INDEX(CAT_CV,MATCH($C213,CAT_NOMBRE,0)),""))

Sheet Atributos
A2: Código artículo (*) | B2: Nombre artículo (auto) | C2: Atributo (*) | D2: Valor de Atributo (*)
B3: =IF($A3="","",IFERROR(INDEX(Artículos!$E$2:$E$213,MATCH($A3,Artículos!$A$2:$A$213,0)),""))
B4: =IF($A4="","",IFERROR(INDEX(Artículos!$E$2:$E$213,MATCH($A4,Artículos!$A$2:$A$213,0)),""))
B5: =IF($A5="","",IFERROR(INDEX(Artículos!$E$2:$E$213,MATCH($A5,Artículos!$A$2:$A$213,0)),""))
B6: =IF($A6="","",IFERROR(INDEX(Artículos!$E$2:$E$213,MATCH($A6,Artículos!$A$2:$A$213,0)),""))
B7: =IF($A7="","",IFERROR(INDEX(Artículos!$E$2:$E$213,MATCH($A7,Artículos!$A$2:$A$213,0)),""))
B8: =IF($A8="","",IFERROR(INDEX(Artículos!$E$2:$E$213,MATCH($A8,Artículos!$A$2:$A$213,0)),""))
B9: =IF($A9="","",IFERROR(INDEX(Artículos!$E$2:$E$213,MATCH($A9,Artículos!$A$2:$A$213,0)),""))
B10: =IF($A10="","",IFERROR(INDEX(Artículos!$E$2:$E$213,MATCH($A10,Artículos!$A$2:$A$213,0)),""))
B11: =IF($A11="","",IFERROR(INDEX(Artículos!$E$2:$E$213,MATCH($A11,Artículos!$A$2:$A$213,0)),""))
B12: =IF($A12="","",IFERROR(INDEX(Artículos!$E$2:$E$213,MATCH($A12,Artículos!$A$2:$A$213,0)),""))
B13: =IF($A13="","",IFERROR(INDEX(Artículos!$E$2:$E$213,MATCH($A13,Artículos!$A$2:$A$213,0)),""))
B14: =IF($A14="","",IFERROR(INDEX(Artículos!$E$2:$E$213,MATCH($A14,Artículos!$A$2:$A$213,0)),""))
... B122: =IF($A122="","",IFERROR(INDEX(Artículos!$E$2:$E$213,MATCH($A122,Artículos!$A$2:$A$213,0)),""))

Sheet Stock Mínimo
A2: Código artículo (*) | B2: Nombre artículo (auto) | C2: Código almacén (*) | D2: Nombre almacén (auto) | E2: Sede (auto) | F2: Cantidad mínima (*) | G2: Unidad (auto)
B3: =IF($A3="","",IFERROR(INDEX(Artículos!$E$2:$E$213,MATCH($A3,Artículos!$A$2:$A$213,0)),"")) | D3: =IF($C3="","",IFERROR(INDEX(ALM_NOM,MATCH($C3,ALM_COD,0)),"")) | E3: =IF($C3="","",IFERROR(INDEX(ALM_SEDE,MATCH($C3,ALM_COD,0)),"")) | G3: =IF($A3="","",IFERROR(INDEX(Artículos!$G$2:$G$213,MATCH($A3,Artículos!$A$2:$A$213,0)),""))
B4: =IF($A4="","",IFERROR(INDEX(Artículos!$E$2:$E$213,MATCH($A4,Artículos!$A$2:$A$213,0)),"")) | D4: =IF($C4="","",IFERROR(INDEX(ALM_NOM,MATCH($C4,ALM_COD,0)),"")) | E4: =IF($C4="","",IFERROR(INDEX(ALM_SEDE,MATCH($C4,ALM_COD,0)),"")) | G4: =IF($A4="","",IFERROR(INDEX(Artículos!$G$2:$G$213,MATCH($A4,Artículos!$A$2:$A$213,0)),""))
B5: =IF($A5="","",IFERROR(INDEX(Artículos!$E$2:$E$213,MATCH($A5,Artículos!$A$2:$A$213,0)),"")) | D5: =IF($C5="","",IFERROR(INDEX(ALM_NOM,MATCH($C5,ALM_COD,0)),"")) | E5: =IF($C5="","",IFERROR(INDEX(ALM_SEDE,MATCH($C5,ALM_COD,0)),"")) | G5: =IF($A5="","",IFERROR(INDEX(Artículos!$G$2:$G$213,MATCH($A5,Artículos!$A$2:$A$213,0)),""))
B6: =IF($A6="","",IFERROR(INDEX(Artículos!$E$2:$E$213,MATCH($A6,Artículos!$A$2:$A$213,0)),"")) | D6: =IF($C6="","",IFERROR(INDEX(ALM_NOM,MATCH($C6,ALM_COD,0)),"")) | E6: =IF($C6="","",IFERROR(INDEX(ALM_SEDE,MATCH($C6,ALM_COD,0)),"")) | G6: =IF($A6="","",IFERROR(INDEX(Artículos!$G$2:$G$213,MATCH($A6,Artículos!$A$2:$A$213,0)),""))
B7: =IF($A7="","",IFERROR(INDEX(Artículos!$E$2:$E$213,MATCH($A7,Artículos!$A$2:$A$213,0)),"")) | D7: =IF($C7="","",IFERROR(INDEX(ALM_NOM,MATCH($C7,ALM_COD,0)),"")) | E7: =IF($C7="","",IFERROR(INDEX(ALM_SEDE,MATCH($C7,ALM_COD,0)),"")) | G7: =IF($A7="","",IFERROR(INDEX(Artículos!$G$2:$G$213,MATCH($A7,Artículos!$A$2:$A$213,0)),""))
B8: =IF($A8="","",IFERROR(INDEX(Artículos!$E$2:$E$213,MATCH($A8,Artículos!$A$2:$A$213,0)),"")) | D8: =IF($C8="","",IFERROR(INDEX(ALM_NOM,MATCH($C8,ALM_COD,0)),"")) | E8: =IF($C8="","",IFERROR(INDEX(ALM_SEDE,MATCH($C8,ALM_COD,0)),"")) | G8: =IF($A8="","",IFERROR(INDEX(Artículos!$G$2:$G$213,MATCH($A8,Artículos!$A$2:$A$213,0)),""))
B9: =IF($A9="","",IFERROR(INDEX(Artículos!$E$2:$E$213,MATCH($A9,Artículos!$A$2:$A$213,0)),"")) | D9: =IF($C9="","",IFERROR(INDEX(ALM_NOM,MATCH($C9,ALM_COD,0)),"")) | E9: =IF($C9="","",IFERROR(INDEX(ALM_SEDE,MATCH($C9,ALM_COD,0)),"")) | G9: =IF($A9="","",IFERROR(INDEX(Artículos!$G$2:$G$213,MATCH($A9,Artículos!$A$2:$A$213,0)),""))
B10: =IF($A10="","",IFERROR(INDEX(Artículos!$E$2:$E$213,MATCH($A10,Artículos!$A$2:$A$213,0)),"")) | D10: =IF($C10="","",IFERROR(INDEX(ALM_NOM,MATCH($C10,ALM_COD,0)),"")) | E10: =IF($C10="","",IFERROR(INDEX(ALM_SEDE,MATCH($C10,ALM_COD,0)),"")) | G10: =IF($A10="","",IFERROR(INDEX(Artículos!$G$2:$G$213,MATCH($A10,Artículos!$A$2:$A$213,0)),""))
B11: =IF($A11="","",IFERROR(INDEX(Artículos!$E$2:$E$213,MATCH($A11,Artículos!$A$2:$A$213,0)),"")) | D11: =IF($C11="","",IFERROR(INDEX(ALM_NOM,MATCH($C11,ALM_COD,0)),"")) | E11: =IF($C11="","",IFERROR(INDEX(ALM_SEDE,MATCH($C11,ALM_COD,0)),"")) | G11: =IF($A11="","",IFERROR(INDEX(Artículos!$G$2:$G$213,MATCH($A11,Artículos!$A$2:$A$213,0)),""))
B12: =IF($A12="","",IFERROR(INDEX(Artículos!$E$2:$E$213,MATCH($A12,Artículos!$A$2:$A$213,0)),"")) | D12: =IF($C12="","",IFERROR(INDEX(ALM_NOM,MATCH($C12,ALM_COD,0)),"")) | E12: =IF($C12="","",IFERROR(INDEX(ALM_SEDE,MATCH($C12,ALM_COD,0)),"")) | G12: =IF($A12="","",IFERROR(INDEX(Artículos!$G$2:$G$213,MATCH($A12,Artículos!$A$2:$A$213,0)),""))
B13: =IF($A13="","",IFERROR(INDEX(Artículos!$E$2:$E$213,MATCH($A13,Artículos!$A$2:$A$213,0)),"")) | D13: =IF($C13="","",IFERROR(INDEX(ALM_NOM,MATCH($C13,ALM_COD,0)),"")) | E13: =IF($C13="","",IFERROR(INDEX(ALM_SEDE,MATCH($C13,ALM_COD,0)),"")) | G13: =IF($A13="","",IFERROR(INDEX(Artículos!$G$2:$G$213,MATCH($A13,Artículos!$A$2:$A$213,0)),""))
B14: =IF($A14="","",IFERROR(INDEX(Artículos!$E$2:$E$213,MATCH($A14,Artículos!$A$2:$A$213,0)),"")) | D14: =IF($C14="","",IFERROR(INDEX(ALM_NOM,MATCH($C14,ALM_COD,0)),"")) | E14: =IF($C14="","",IFERROR(INDEX(ALM_SEDE,MATCH($C14,ALM_COD,0)),"")) | G14: =IF($A14="","",IFERROR(INDEX(Artículos!$G$2:$G$213,MATCH($A14,Artículos!$A$2:$A$213,0)),""))
... B122: =IF($A122="","",IFERROR(INDEX(Artículos!$E$2:$E$213,MATCH($A122,Artículos!$A$2:$A$213,0)),"")) | D122: =IF($C122="","",IFERROR(INDEX(ALM_NOM,MATCH($C122,ALM_COD,0)),"")) | E122: =IF($C122="","",IFERROR(INDEX(ALM_SEDE,MATCH($C122,ALM_COD,0)),"")) | G122: =IF($A122="","",IFERROR(INDEX(Artículos!$G$2:$G$213,MATCH($A122,Artículos!$A$2:$A$213,0)),""))

Sheet Códigos de Barras
A2: Código artículo (*) | B2: Nombre artículo (auto) | C2: Tipo de código de barra (*) | D2: Código de barras (*) | E2: Observaciones
B3: =IF($A3="","",IFERROR(INDEX(Artículos!$E$2:$E$213,MATCH($A3,Artículos!$A$2:$A$213,0)),""))
B4: =IF($A4="","",IFERROR(INDEX(Artículos!$E$2:$E$213,MATCH($A4,Artículos!$A$2:$A$213,0)),""))
B5: =IF($A5="","",IFERROR(INDEX(Artículos!$E$2:$E$213,MATCH($A5,Artículos!$A$2:$A$213,0)),""))
B6: =IF($A6="","",IFERROR(INDEX(Artículos!$E$2:$E$213,MATCH($A6,Artículos!$A$2:$A$213,0)),""))
B7: =IF($A7="","",IFERROR(INDEX(Artículos!$E$2:$E$213,MATCH($A7,Artículos!$A$2:$A$213,0)),""))
B8: =IF($A8="","",IFERROR(INDEX(Artículos!$E$2:$E$213,MATCH($A8,Artículos!$A$2:$A$213,0)),""))
B9: =IF($A9="","",IFERROR(INDEX(Artículos!$E$2:$E$213,MATCH($A9,Artículos!$A$2:$A$213,0)),""))
B10: =IF($A10="","",IFERROR(INDEX(Artículos!$E$2:$E$213,MATCH($A10,Artículos!$A$2:$A$213,0)),""))
B11: =IF($A11="","",IFERROR(INDEX(Artículos!$E$2:$E$213,MATCH($A11,Artículos!$A$2:$A$213,0)),""))
B12: =IF($A12="","",IFERROR(INDEX(Artículos!$E$2:$E$213,MATCH($A12,Artículos!$A$2:$A$213,0)),""))
B13: =IF($A13="","",IFERROR(INDEX(Artículos!$E$2:$E$213,MATCH($A13,Artículos!$A$2:$A$213,0)),""))
B14: =IF($A14="","",IFERROR(INDEX(Artículos!$E$2:$E$213,MATCH($A14,Artículos!$A$2:$A$213,0)),""))
... B122: =IF($A122="","",IFERROR(INDEX(Artículos!$E$2:$E$213,MATCH($A122,Artículos!$A$2:$A$213,0)),""))

Sheet Configuraciones
B1: CONFIGURACIONES · GRUPO: MATERIA PRIMA
B4: 1. GRUPO DE ARTÍCULO (fijo en esta plantilla)
B5: Código | C5: Nombre | D5: Prefijo | E5: Asignación
B6: MP | C6: MATERIA PRIMA | D6: MP- | E6: Interna
B8: 2. CATEGORÍAS · código corto tipo prefijo (TEL, HIL, AVCONF…) (agrega filas debajo)
B9: CODIGO | C9: NOMBRE | D9: CV
B10: TEL | C10: TELAS | D10: CV-01
B11: HIL | C11: HILOS | D11: CV-02
B12: AVCONF | C12: AVIOS DE CONFECCION | D12: CV-02
B13: AVACABPRIN | C13: AVIOS DE ACABADOS PRINCIPALES | D13: CV-02
B14: AVACABSEC | C14: AVIOS DE ACABADOS SECUNDARIOS | D14: CV-02
B24: 3. SUB CATEGORÍAS · una tabla por categoría, sin código (agrega filas debajo)
B25: Categoría nueva con sub categorías: agrégala en el bloque 2, copia aquí uno de estos bloques y renombra la tabla como T_ + nombre con guiones bajos (Diseño de tabla → Nombre).
B26: TELAS
B27: SUBCATEGORIA
B28: RIGIDO
B29: CONFORT
B30: STRECH
B35: HILOS
B36: SUBCATEGORIA
B44: AVIOS DE CONFECCION
B45: SUBCATEGORIA
B46: CIERRES
... B182: 11. CLASES DE VALORIZACIÓN (solo referencia)
B183: Código | C183: Descripción
B184: CV-01 | C184: MP - Telas
B185: CV-02 | C185: MP - Avíos
B186: CV-03 | C186: MP - Envases y embalajes
B187: CV-04 | C187: PPT - En planta
B188: CV-05 | C188: PPT - En poder de terceros
B189: CV-06 | C189: Productos terminados
B190: CV-07 | C190: Mercadería
B191: CV-08 | C191: Muestras
B192: CV-09 | C192: Servicios
B195: 12. ALMACENES (referencia para Stock Mínimo · con su sede)
B196: CODIGO | C196: NOMBRE | D196: SEDE
B197: SB-CENTRAL | C197: Almacén Central | D197: Gamarra
B198: SB-CENTRAL-MP | C198: Almacén Central Materia Prima | D198: Gamarra
B199: SB-LIQUID | C199: Almacén Liquidación Central | D199: Gamarra
B200: SB-ZARATE-MP | C200: Almacén Zárate Materia Prima | D200: Zárate
B201: SB-ONLINE | C201: Almacén Online | D201: Virtual
B202: SB-TRANSITO | C202: Almacén en Transición | D202: Virtual
B203: SB-TIENDA01 | C203: Tienda #1 | D203: Galeria "Ya"
B204: SB-TIENDA02 | C204: Tienda #2 | D204: Galeria "Damero"
B205: SB-TIENDA03 | C205: Tienda #3 | D205: Galeria "Paraíso"
B206: SB-TIENDA04 | C206: Tienda #4 | D206: Galería "San Pedro"
B207: SB-TIENDA05 | C207: Tienda #5 | D207: Galería "Encanto"
... B222: CN-TIENDALIQ03 | C222: Tienda Liquidación #3 | D222: Galeria "Damero"
